field_id,default_name,domain,data_type,semantic_meaning,source_or_derivation,total_eligible,ledger_eligibility,status,no_inference_rule,evidence_notes
operational_date,Date,identity,date,Operational date distinct from event timestamps,manual/company source,NO,CONFIRMED,CONFIRMED,Do not derive from UTC clock date alone,Standard default and paper profiles
aircraft_type,Aircraft Type,identity,code,ICAO aircraft type designator semantic,manual/company source,NO,CONFIRMED,CONFIRMED,Do not infer registration or category/class,Standard default
registration,Registration,identity,text,Aircraft registration or ident,manual/company source,NO,CONFIRMED,CONFIRMED,Do not infer from aircraft type,Standard default
flight_number,Flight Number,identity,text,Commercial or source flight identifier,manual/company source,NO,CONFIRMED,CONFIRMED,Presentation parsing does not decide canonical storage,Standard default
departure,Departure,route,airport_ref,Departure airport semantic,manual/company source,NO,CONFIRMED,CONFIRMED,Do not infer Cross-Country from route inequality,Standard default
arrival,Arrival,route,airport_ref,Arrival airport semantic,manual/company source,NO,CONFIRMED,CONFIRMED,Do not infer Cross-Country from route inequality,Standard default
ramp_out,Ramp Out,operational_clock,timestamp,OUT event time,manual/Maint/company fltTime,NO,PROPOSED,PROPOSED,Do not infer Takeoff clock from Actual,OOOI foundational event
takeoff_time,Takeoff,operational_clock,timestamp,OFF event time,manual/Maint source,NO,PROPOSED,PROPOSED,Do not reconstruct from Actual alone,OOOI foundational event
landing_time,Landing,operational_clock,timestamp,ON event time,manual/Maint source,NO,PROPOSED,PROPOSED,Do not reconstruct from Actual alone,OOOI foundational event
ramp_in,Ramp In,operational_clock,timestamp,IN event time,manual/Maint source or Ramp Out plus Block,NO,PROPOSED,PROPOSED,Calculated value must remain distinguishable from source value,Absent from verified company Excel sample
block,Block,duration,duration,IN minus OUT duration,manual/Maint/company bt or deterministic OOOI calculation,PROFILE_SPECIFIC,CONFIRMED,CONFIRMED,Do not treat as Actual or universal profile Total Time,Standard default and Alpha-K B/T
actual,Actual,duration,duration,ON minus OFF duration,manual/Maint/company at or deterministic OOOI calculation,PROFILE_SPECIFIC,PROPOSED,CONFIRMED,Actual alone cannot recover both endpoint clocks,Maint A/T and company at
night,Night,duration,duration,Pilot/company-recorded Night logbook duration,manual/Maint/company ntTme,PROFILE_SPECIFIC,CONFIRMED,CONFIRMED,Do not solar-derive replace mismatch-check or default null to Day,Standard default
instrument_flight_time,Instrument Flight Time,duration,duration,Pilot/company-recorded Instrument Flight Time,manual/Maint/company instTme,PROFILE_SPECIFIC,CONFIRMED,CONFIRMED,Do not derive from Actual or map to IFR/Actual Instrument,Standard Inst label
ifr_time,IFR Time,duration,duration,Time under IFR semantic separate from other instrument fields,matching source or user entry,OPEN,PROPOSED,PROPOSED,Do not populate from company instTme,EASA-style profile slot requires matching semantic
actual_instrument,Actual Instrument,duration,duration,Actual instrument conditions time semantic,matching source or user entry,OPEN,PROPOSED,PROPOSED,Do not populate from company instTme,US and Alpha-K profile slots require matching semantic
simulated_instrument,Simulated Instrument,duration,duration,Simulated instrument or hood time,matching source or user entry,OPEN,PROPOSED,PROPOSED,Do not derive from Instrument Flight Time,Paper and digital reference field
instrument_ground_time,Instrument Ground Time,duration,duration,Ground-device instrument time semantic,matching source or user entry,OPEN,PROPOSED,PROPOSED,Do not combine with flight Instrument Flight Time,Separate specialist semantic
raw_duty_code,Duty Code,source_role,code,Preserved roster/company duty code,company/Maint source,NO,PROPOSED,PROPOSED,Do not infer PF/PM or unconditional PIC/FO without required context,FOM input evidence
credited_pic,PIC Time,credited_experience,duration,Personal credited PIC experience time,manual or context-specific verified FOM rule,PROFILE_SPECIFIC,PROPOSED,PROPOSED,Do not use universal Captain shortcut,FOM SP.5.1 context
credited_fo,FO or SIC Time,credited_experience,duration,Personal credited FO experience time,manual or context-specific verified FOM rule,PROFILE_SPECIFIC,PROPOSED,PROPOSED,Do not use universal FO shortcut,FOM SP.5.1 context
pf_pm,PF or PM,operational_role,enum,Pilot Flying or Pilot Monitoring role,matching source or user entry,NO,PROPOSED,OPEN,Do not infer from Duty Code or personal T/O/L/D,DATA-002 OPEN
personal_takeoff_count,Takeoffs,count,count,Personal takeoff count,manual/Maint/company toCnt,PROFILE_SPECIFIC,PROPOSED,PROPOSED,Do not convert presence into PF,Maint pilot section
personal_landing_count,Landings,count,count,Personal landing count,manual/Maint/company ldCnt,PROFILE_SPECIFIC,PROPOSED,PROPOSED,Do not convert presence into PM,Maint pilot section
day_takeoff_count,Day Takeoffs,count,count,Personal takeoffs classified Day,source/user or bounded helper candidate,PROFILE_SPECIFIC,PROPOSED,PROPOSED,Require independently sufficient departure inputs and never infer from arrival state,Profile evidence
night_takeoff_count,Night Takeoffs,count,count,Personal takeoffs classified Night,source/user or bounded helper candidate,PROFILE_SPECIFIC,PROPOSED,PROPOSED,Require independently sufficient departure inputs and never infer from arrival state,Profile evidence
day_landing_count,Day Landings,count,count,Personal landings classified Day,source/user or bounded helper candidate,PROFILE_SPECIFIC,PROPOSED,PROPOSED,Require independently sufficient arrival inputs and never infer from departure state,Profile evidence
night_landing_count,Night Landings,count,count,Personal landings classified Night,source/user or bounded helper candidate,PROFILE_SPECIFIC,PROPOSED,PROPOSED,Require independently sufficient arrival inputs and never infer from departure state,Profile evidence
cross_country,Cross-Country,duration,duration,Jurisdiction-sensitive cross-country time,matching source or user entry,OPEN,PROPOSED,PROPOSED,Never infer from Departure not equal Arrival,Paper and digital reference field
approach_count,Approach Count,count,count,Personal instrument approach count,matching source or user entry,PROFILE_SPECIFIC,PROPOSED,PROPOSED,Do not invent from route or Instrument Flight Time,Paper profile evidence
approach_type,Approach Type,approach,text,User/source-recorded approach type or detail,matching source or user entry,NO,PROPOSED,PROPOSED,Do not infer from airport or Instrument Flight Time,Paper profile evidence
landing_detail,Landing Detail,landing,text,Manual uninterpreted landing detail,manual or matching source,NO,PROPOSED,PROPOSED,Do not parse into operational facts,Active configuration contract
remark,Remark,notes,text,Personal free-text logbook note,user entry or matching import field,NO,PROPOSED,PROPOSED,Do not translate or manufacture endorsement text,Recurring profile field
crew_snapshot,Crew,crew,structured_list,Searchable participant/source snapshot,manual or CrewConnex existing-record enrichment,NO,OPEN,PROPOSED,CrewConnex cannot create an independent FlightRecord,Structured detail/search candidate
auto_land_count,Auto Land Count,aircraft_operation,count,Aircraft operational-log Auto Land count,Maint operational source,NO,NO,SEPARATE_DOMAIN,No automatic population and no built-in Known Field,May be Custom Field
auto_land_runway,Auto Land RWY,aircraft_operation,text,Aircraft operational-log runway detail,Maint operational source,NO,NO,SEPARATE_DOMAIN,No automatic population and no built-in Known Field,Alpha-K A/L slot does not force semantic
auto_land_rvr_vis,Auto Land RVR or VIS,aircraft_operation,text,Aircraft operational visibility detail,Maint operational source,NO,NO,SEPARATE_DOMAIN,No automatic population and no built-in Known Field,May be Custom Field
auto_land_su,Auto Land S or U,aircraft_operation,text,Aircraft operational-log status detail,Maint operational source,NO,NO,SEPARATE_DOMAIN,No automatic population and no built-in Known Field,May be Custom Field
total_time,Total Time,credited_experience,duration,Generic personal total-time semantic,unresolved,OPEN,OPEN,OPEN,Do not universally equate to raw Block or generic FOM-prorated duration,Augmented-crew meaning unresolved
credited_block_or_airborne,Generic Credited Block or Airborne,credited_experience,duration,Unresolved generic augmented-crew duration,unresolved,OPEN,OPEN,OPEN,Do not invent replacement semantic from FOM PIC/FO table,DATA/TOTAL open boundary
simulator_session_time,Simulator or FSTD Time,simulator,duration,Separate synthetic or training-device session duration,manual or matching source,PROFILE_SPECIFIC,PROPOSED,PROPOSED,Do not include in actual-flight OOOI or FOM totals,SimulatorRecord remains separate
malfunction,Malfunction,maintenance,text,Aircraft malfunction description,Maint maintenance section,NO,NO,SEPARATE_DOMAIN,Do not copy into built-in personal Pilot Logbook fields,Mixed-document boundary
corrective_action,Corrective Action,maintenance,text,Maintenance corrective-action description,Maint maintenance section,NO,NO,SEPARATE_DOMAIN,Do not copy into built-in personal Pilot Logbook fields,Mixed-document boundary
mel_defer,MEL or Defer,maintenance,text,Technical defer status,Maint maintenance section,NO,NO,SEPARATE_DOMAIN,Do not copy into built-in personal Pilot Logbook fields,Mixed-document boundary
fuel_oil_management,Fuel or Oil Technical Management,maintenance,text,Aircraft fuel/oil operational technical data,Maint maintenance section,NO,NO,SEPARATE_DOMAIN,Do not copy into built-in personal Pilot Logbook fields,Mixed-document boundary
maintenance_release,Maintenance Release,maintenance,text,Maintenance release or technical-status evidence,Maint maintenance section,NO,NO,SEPARATE_DOMAIN,Do not copy into built-in personal Pilot Logbook fields,Mixed-document boundary
